company_id,industry
729238,IT Services and IT Consulting
2934678,IT Services and IT Consulting
15984730,IT Services and IT Consulting
6618000,IT Services and IT Consulting
75056372,IT Services and IT Consulting
24440,IT Services and IT Consulting
4787,IT Services and IT Consulting
74827,IT Services and IT Consulting
261933,IT Services and IT Consulting
164376,IT Services and IT Consulting
13345578,IT Services and IT Consulting
27021761,IT Services and IT Consulting
53255,IT Services and IT Consulting
111849,IT Services and IT Consulting
146782,IT Services and IT Consulting
468898,IT Services and IT Consulting
75584764,IT Services and IT Consulting
71373471,IT Services and IT Consulting
1552586,IT Services and IT Consulting
165464,IT Services and IT Consulting
100977746,IT Services and IT Consulting
9280354,IT Services and IT Consulting
1056670,IT Services and IT Consulting
13331595,IT Services and IT Consulting
294125,IT Services and IT Consulting
74604183,IT Services and IT Consulting
26638644,IT Services and IT Consulting
19647,IT Services and IT Consulting
1364228,IT Services and IT Consulting
2121817,IT Services and IT Consulting
52147722,IT Services and IT Consulting
71951690,IT Services and IT Consulting
2985733,IT Services and IT Consulting
34616,IT Services and IT Consulting
860999,IT Services and IT Consulting
16903,IT Services and IT Consulting
590130,IT Services and IT Consulting
21541,IT Services and IT Consulting
33146581,IT Services and IT Consulting
14562893,IT Services and IT Consulting
31474641,IT Services and IT Consulting
482272,IT Services and IT Consulting
80936343,IT Services and IT Consulting
15982494,IT Services and IT Consulting
64877765,IT Services and IT Consulting
14379449,IT Services and IT Consulting
10612451,IT Services and IT Consulting
4661,IT Services and IT Consulting
672814,IT Services and IT Consulting
42054,IT Services and IT Consulting
92633414,IT Services and IT Consulting
400176,IT Services and IT Consulting
11243687,IT Services and IT Consulting
15160138,IT Services and IT Consulting
91447303,IT Services and IT Consulting
3785467,IT Services and IT Consulting
233054,IT Services and IT Consulting
33250915,IT Services and IT Consulting
101396860,IT Services and IT Consulting
28126191,IT Services and IT Consulting
1494955,IT Services and IT Consulting
544277,IT Services and IT Consulting
5345313,IT Services and IT Consulting
22134,IT Services and IT Consulting
79383535,IT Services and IT Consulting
14476,IT Services and IT Consulting
33307792,IT Services and IT Consulting
8716,IT Services and IT Consulting
2899266,IT Services and IT Consulting
2305,IT Services and IT Consulting
1668011,IT Services and IT Consulting
477843,IT Services and IT Consulting
1353,IT Services and IT Consulting
12770,IT Services and IT Consulting
99500489,IT Services and IT Consulting
859069,IT Services and IT Consulting
18268450,IT Services and IT Consulting
13624369,IT Services and IT Consulting
933942,IT Services and IT Consulting
67155308,IT Services and IT Consulting
16388,IT Services and IT Consulting
54325,IT Services and IT Consulting
157240,IT Services and IT Consulting
101591290,IT Services and IT Consulting
7587252,IT Services and IT Consulting
5365891,IT Services and IT Consulting
35679573,IT Services and IT Consulting
3325979,IT Services and IT Consulting
2684081,IT Services and IT Consulting
86813252,IT Services and IT Consulting
96691,IT Services and IT Consulting
10298482,IT Services and IT Consulting
107021,IT Services and IT Consulting
165602,IT Services and IT Consulting
1247220,IT Services and IT Consulting
14631354,IT Services and IT Consulting
1070686,IT Services and IT Consulting
9463631,IT Services and IT Consulting
77158779,IT Services and IT Consulting
92489,IT Services and IT Consulting
16690,IT Services and IT Consulting
102989,IT Services and IT Consulting
1281852,IT Services and IT Consulting
1072429,IT Services and IT Consulting
79482021,IT Services and IT Consulting
5140,IT Services and IT Consulting
108854,IT Services and IT Consulting
84954827,IT Services and IT Consulting
1415,IT Services and IT Consulting
1257837,IT Services and IT Consulting
91369327,IT Services and IT Consulting
30324,IT Services and IT Consulting
279728,IT Services and IT Consulting
167024,IT Services and IT Consulting
200685,IT Services and IT Consulting
8047188,IT Services and IT Consulting
11115,IT Services and IT Consulting
77610,IT Services and IT Consulting
18476,IT Services and IT Consulting
3607929,IT Services and IT Consulting
2543692,IT Services and IT Consulting
52136,IT Services and IT Consulting
5300,IT Services and IT Consulting
821065,IT Services and IT Consulting
1318,IT Services and IT Consulting
71901687,IT Services and IT Consulting
26793,IT Services and IT Consulting
1394857,IT Services and IT Consulting
9089,IT Services and IT Consulting
96692,IT Services and IT Consulting
95750606,IT Services and IT Consulting
1073,IT Services and IT Consulting
3815031,IT Services and IT Consulting
7260866,IT Services and IT Consulting
7965434,IT Services and IT Consulting
26981,IT Services and IT Consulting
2498968,IT Services and IT Consulting
5274886,IT Services and IT Consulting
2532259,IT Services and IT Consulting
2788204,IT Services and IT Consulting
5351,IT Services and IT Consulting
2627812,IT Services and IT Consulting
24649,IT Services and IT Consulting
33125878,IT Services and IT Consulting
744453,IT Services and IT Consulting
102847,IT Services and IT Consulting
21784,IT Services and IT Consulting
89780395,IT Services and IT Consulting
2382910,IT Services and IT Consulting
12861,IT Services and IT Consulting
18106243,IT Services and IT Consulting
3326615,IT Services and IT Consulting
13637042,IT Services and IT Consulting
1283,IT Services and IT Consulting
947715,IT Services and IT Consulting
695193,IT Services and IT Consulting
150419,IT Services and IT Consulting
74519793,IT Services and IT Consulting
889902,IT Services and IT Consulting
373159,IT Services and IT Consulting
76267845,IT Services and IT Consulting
79760947,IT Services and IT Consulting
162563,IT Services and IT Consulting
95045440,IT Services and IT Consulting
250820,IT Services and IT Consulting
1379045,IT Services and IT Consulting
106584,IT Services and IT Consulting
166030,IT Services and IT Consulting
52047,IT Services and IT Consulting
1360,IT Services and IT Consulting
20463274,IT Services and IT Consulting
15388,IT Services and IT Consulting
74063,IT Services and IT Consulting
261749,IT Services and IT Consulting
1313100,IT Services and IT Consulting
86166,IT Services and IT Consulting
142672,IT Services and IT Consulting
75041012,IT Services and IT Consulting
581589,IT Services and IT Consulting
6369,IT Services and IT Consulting
2689946,IT Services and IT Consulting
15228,IT Services and IT Consulting
441353,IT Services and IT Consulting
1086737,IT Services and IT Consulting
2425438,IT Services and IT Consulting
28148044,IT Services and IT Consulting
14409321,IT Services and IT Consulting
1828842,IT Services and IT Consulting
5352294,IT Services and IT Consulting
46119,IT Services and IT Consulting
33242739,IT Services and IT Consulting
1409798,IT Services and IT Consulting
955494,IT Services and IT Consulting
1753550,IT Services and IT Consulting
206121,IT Services and IT Consulting
3342169,IT Services and IT Consulting
14699670,IT Services and IT Consulting
63928,IT Services and IT Consulting
3603143,IT Services and IT Consulting
2710878,IT Services and IT Consulting
837188,IT Services and IT Consulting
2562128,IT Services and IT Consulting
19181972,IT Services and IT Consulting
16210058,IT Services and IT Consulting
35135,IT Services and IT Consulting
1644718,IT Services and IT Consulting
37768,IT Services and IT Consulting
91586253,IT Services and IT Consulting
10794364,IT Services and IT Consulting
115116,IT Services and IT Consulting
267430,IT Services and IT Consulting
42311722,IT Services and IT Consulting
3549076,IT Services and IT Consulting
26376,IT Services and IT Consulting
62954,IT Services and IT Consulting
2642477,IT Services and IT Consulting
15155541,IT Services and IT Consulting
623152,IT Services and IT Consulting
268355,IT Services and IT Consulting
41262,IT Services and IT Consulting
3823685,IT Services and IT Consulting
16198010,IT Services and IT Consulting
5013435,IT Services and IT Consulting
3839791,IT Services and IT Consulting
66321745,IT Services and IT Consulting
4126,IT Services and IT Consulting
890145,IT Services and IT Consulting
1589496,IT Services and IT Consulting
92692997,IT Services and IT Consulting
743346,IT Services and IT Consulting
40717284,IT Services and IT Consulting
73017499,IT Services and IT Consulting
156470,IT Services and IT Consulting
5101804,IT Services and IT Consulting
132125,IT Services and IT Consulting
2269862,IT Services and IT Consulting
3018149,IT Services and IT Consulting
15155405,IT Services and IT Consulting
461358,IT Services and IT Consulting
1051998,IT Services and IT Consulting
4898,IT Services and IT Consulting
13365439,IT Services and IT Consulting
165207,IT Services and IT Consulting
11031659,IT Services and IT Consulting
69739391,IT Services and IT Consulting
2922575,IT Services and IT Consulting
531535,IT Services and IT Consulting
90471428,IT Services and IT Consulting
2323244,IT Services and IT Consulting
217273,IT Services and IT Consulting
13423341,IT Services and IT Consulting
1655316,IT Services and IT Consulting
3183646,IT Services and IT Consulting
102818849,IT Services and IT Consulting
71067248,IT Services and IT Consulting
4841,IT Services and IT Consulting
537246,IT Services and IT Consulting
201351,IT Services and IT Consulting
2632918,IT Services and IT Consulting
662171,IT Services and IT Consulting
3859106,IT Services and IT Consulting
66579462,IT Services and IT Consulting
98807401,IT Services and IT Consulting
165444,IT Services and IT Consulting
2152,IT Services and IT Consulting
5167090,IT Services and IT Consulting
1905,IT Services and IT Consulting
76322470,IT Services and IT Consulting
299386,IT Services and IT Consulting
68639,IT Services and IT Consulting
10371941,IT Services and IT Consulting
80221526,IT Services and IT Consulting
2973906,IT Services and IT Consulting
99297447,IT Services and IT Consulting
2193,IT Services and IT Consulting
11257500,IT Services and IT Consulting
78376151,IT Services and IT Consulting
43325,IT Services and IT Consulting
2678950,IT Services and IT Consulting
27383,IT Services and IT Consulting
1009,IT Services and IT Consulting
72977213,IT Services and IT Consulting
10696913,IT Services and IT Consulting
12672576,IT Services and IT Consulting
468782,IT Services and IT Consulting
13585911,IT Services and IT Consulting
100538681,IT Services and IT Consulting
72092703,IT Services and IT Consulting
1230090,IT Services and IT Consulting
1403,IT Services and IT Consulting
3158433,IT Services and IT Consulting
3015,IT Services and IT Consulting
1575652,IT Services and IT Consulting
1550826,IT Services and IT Consulting
969396,IT Services and IT Consulting
644531,IT Services and IT Consulting
825052,IT Services and IT Consulting
3672,IT Services and IT Consulting
23213,IT Services and IT Consulting
22582874,IT Services and IT Consulting
1359521,IT Services and IT Consulting
100955625,IT Services and IT Consulting
511521,IT Services and IT Consulting
89796106,IT Services and IT Consulting
81606529,IT Services and IT Consulting
38272,IT Services and IT Consulting
13138,IT Services and IT Consulting
18496013,IT Services and IT Consulting
339563,IT Services and IT Consulting
15798900,IT Services and IT Consulting
18675058,IT Services and IT Consulting
85964,IT Services and IT Consulting
72061315,IT Services and IT Consulting
10324459,IT Services and IT Consulting
97938908,IT Services and IT Consulting
18754691,IT Services and IT Consulting
102617645,IT Services and IT Consulting
25980,IT Services and IT Consulting
81887363,IT Services and IT Consulting
230220,IT Services and IT Consulting
52141373,IT Services and IT Consulting
347466,IT Services and IT Consulting
410519,IT Services and IT Consulting
218487,IT Services and IT Consulting
14636892,IT Services and IT Consulting
2736308,IT Services and IT Consulting
1103,IT Services and IT Consulting
94146203,IT Services and IT Consulting
3741338,IT Services and IT Consulting
98396104,IT Services and IT Consulting
74115010,IT Services and IT Consulting
96133503,IT Services and IT Consulting
17959348,IT Services and IT Consulting
98213559,IT Services and IT Consulting
89501984,IT Services and IT Consulting
31370940,IT Services and IT Consulting
2342745,IT Services and IT Consulting
102797056,IT Services and IT Consulting
76981535,IT Services and IT Consulting
64773463,IT Services and IT Consulting
2870989,IT Services and IT Consulting
100693900,IT Services and IT Consulting
609966,IT Services and IT Consulting
1956,IT Services and IT Consulting
27135632,IT Services and IT Consulting
14069,IT Services and IT Consulting
98354116,IT Services and IT Consulting
3364,IT Services and IT Consulting
1680,IT Services and IT Consulting
2722174,IT Services and IT Consulting
89714190,IT Services and IT Consulting
1613038,IT Services and IT Consulting
881102,IT Services and IT Consulting
97412958,IT Services and IT Consulting
13192207,IT Services and IT Consulting
86967805,IT Services and IT Consulting
102801165,IT Services and IT Consulting
86967006,IT Services and IT Consulting
10127,IT Services and IT Consulting
157359,IT Services and IT Consulting
381087,IT Services and IT Consulting
21971,IT Services and IT Consulting
201227,IT Services and IT Consulting
20089,IT Services and IT Consulting
5461,IT Services and IT Consulting
71268241,IT Services and IT Consulting
2190,IT Services and IT Consulting
3334,IT Services and IT Consulting
5390798,IT Services and IT Consulting
1284978,IT Services and IT Consulting
1984030,IT Services and IT Consulting
15633,IT Services and IT Consulting
72622139,IT Services and IT Consulting
73002693,IT Services and IT Consulting
1614,IT Services and IT Consulting
466785,IT Services and IT Consulting
69614478,IT Services and IT Consulting
965474,IT Services and IT Consulting
15173846,IT Services and IT Consulting
43093,IT Services and IT Consulting
1028,IT Services and IT Consulting
100959155,IT Services and IT Consulting
29848,IT Services and IT Consulting
1658333,IT Services and IT Consulting
64550438,IT Services and IT Consulting
89348086,IT Services and IT Consulting
74969321,IT Services and IT Consulting
67190926,IT Services and IT Consulting
163743,IT Services and IT Consulting
3067,IT Services and IT Consulting
73857723,IT Services and IT Consulting
13489,IT Services and IT Consulting
89877886,IT Services and IT Consulting
5090097,IT Services and IT Consulting
95734231,IT Services and IT Consulting
311835,IT Services and IT Consulting
18340937,IT Services and IT Consulting
101649398,IT Services and IT Consulting
488412,IT Services and IT Consulting
49643359,IT Services and IT Consulting
75113640,IT Services and IT Consulting
10510386,IT Services and IT Consulting
476312,IT Services and IT Consulting
1998879,IT Services and IT Consulting
31553,IT Services and IT Consulting
10889208,IT Services and IT Consulting
1597,IT Services and IT Consulting
69732469,IT Services and IT Consulting
65730729,IT Services and IT Consulting
633031,IT Services and IT Consulting
2848076,IT Services and IT Consulting
10344785,IT Services and IT Consulting
605498,IT Services and IT Consulting
29316587,IT Services and IT Consulting
64940346,IT Services and IT Consulting
9422268,IT Services and IT Consulting
2219,IT Services and IT Consulting
19126858,IT Services and IT Consulting
6282,IT Services and IT Consulting
1951,IT Services and IT Consulting
1360062,IT Services and IT Consulting
100935524,IT Services and IT Consulting
76475891,IT Services and IT Consulting
102189705,IT Services and IT Consulting
11362215,IT Services and IT Consulting
101660952,IT Services and IT Consulting
10429986,IT Services and IT Consulting
98700,IT Services and IT Consulting
24771889,IT Services and IT Consulting
45593,IT Services and IT Consulting
15364,IT Services and IT Consulting
16127,IT Services and IT Consulting
3123217,IT Services and IT Consulting
25169959,IT Services and IT Consulting
6611939,IT Services and IT Consulting
2045626,IT Services and IT Consulting
100145984,IT Services and IT Consulting
86047580,IT Services and IT Consulting
3700354,IT Services and IT Consulting
79493235,IT Services and IT Consulting
11891,IT Services and IT Consulting
37573759,IT Services and IT Consulting
48002046,IT Services and IT Consulting
13392268,IT Services and IT Consulting
3672940,IT Services and IT Consulting
164182,IT Services and IT Consulting
29020962,IT Services and IT Consulting
2494694,IT Services and IT Consulting
165667,IT Services and IT Consulting
13747145,IT Services and IT Consulting
1281,IT Services and IT Consulting
64907739,IT Services and IT Consulting
2680000,IT Services and IT Consulting
79437,IT Services and IT Consulting
13242175,IT Services and IT Consulting
8141,IT Services and IT Consulting
10893,IT Services and IT Consulting
1185381,IT Services and IT Consulting
26322,IT Services and IT Consulting
113380,IT Services and IT Consulting
212405,IT Services and IT Consulting
2409140,IT Services and IT Consulting
16167895,IT Services and IT Consulting
14559430,IT Services and IT Consulting
237658,IT Services and IT Consulting
2935380,IT Services and IT Consulting
65296,IT Services and IT Consulting
85633000,IT Services and IT Consulting
869128,IT Services and IT Consulting
18005595,IT Services and IT Consulting
2797536,IT Services and IT Consulting
106383,IT Services and IT Consulting
162930,IT Services and IT Consulting
18281,IT Services and IT Consulting
228790,IT Services and IT Consulting
64863800,IT Services and IT Consulting
72593,IT Services and IT Consulting
27669228,IT Services and IT Consulting
3684,IT Services and IT Consulting
105756,IT Services and IT Consulting
4793545,IT Services and IT Consulting
5156208,IT Services and IT Consulting
99442115,IT Services and IT Consulting
72413633,IT Services and IT Consulting
64618994,IT Services and IT Consulting
51661,IT Services and IT Consulting
13249094,IT Services and IT Consulting
1728091,IT Services and IT Consulting
2001226,IT Services and IT Consulting
3806580,IT Services and IT Consulting
162214,IT Services and IT Consulting
18880506,IT Services and IT Consulting
76324405,IT Services and IT Consulting
10853319,IT Services and IT Consulting
91467011,IT Services and IT Consulting
16248671,IT Services and IT Consulting
3209772,IT Services and IT Consulting
207595,IT Services and IT Consulting
28981049,IT Services and IT Consulting
732639,IT Services and IT Consulting
490432,IT Services and IT Consulting
14628022,IT Services and IT Consulting
332139,IT Services and IT Consulting
57619,IT Services and IT Consulting
2929376,IT Services and IT Consulting
2481809,IT Services and IT Consulting
2530287,IT Services and IT Consulting
1025072,IT Services and IT Consulting
7973,IT Services and IT Consulting
911461,IT Services and IT Consulting
56445,IT Services and IT Consulting
62869757,IT Services and IT Consulting
136684,IT Services and IT Consulting
18957106,IT Services and IT Consulting
2096694,IT Services and IT Consulting
42462,IT Services and IT Consulting
44095,IT Services and IT Consulting
3580,IT Services and IT Consulting
571160,IT Services and IT Consulting
25683,IT Services and IT Consulting
68951389,IT Services and IT Consulting
9257498,IT Services and IT Consulting
80196681,IT Services and IT Consulting
101298,IT Services and IT Consulting
7973087,IT Services and IT Consulting
9340686,IT Services and IT Consulting
138719,IT Services and IT Consulting
68796640,IT Services and IT Consulting
71289,IT Services and IT Consulting
132614,IT Services and IT Consulting
10469647,IT Services and IT Consulting
1674945,IT Services and IT Consulting
166100,IT Services and IT Consulting
82277950,IT Services and IT Consulting
11205780,IT Services and IT Consulting
1909776,IT Services and IT Consulting
103413221,IT Services and IT Consulting
5234,IT Services and IT Consulting
75031133,IT Services and IT Consulting
6615723,IT Services and IT Consulting
2074102,IT Services and IT Consulting
164331,IT Services and IT Consulting
30950491,IT Services and IT Consulting
13574568,IT Services and IT Consulting
25022906,IT Services and IT Consulting
13253099,IT Services and IT Consulting
14480264,IT Services and IT Consulting
5840,IT Services and IT Consulting
3029766,IT Services and IT Consulting
521134,IT Services and IT Consulting
27510,IT Services and IT Consulting
1803436,IT Services and IT Consulting
167798,IT Services and IT Consulting
33006,IT Services and IT Consulting
776590,IT Services and IT Consulting
76321666,IT Services and IT Consulting
20237396,IT Services and IT Consulting
372915,IT Services and IT Consulting
77114,IT Services and IT Consulting
55157,IT Services and IT Consulting
12509,IT Services and IT Consulting
281801,IT Services and IT Consulting
9328925,IT Services and IT Consulting
1597847,IT Services and IT Consulting
78063959,IT Services and IT Consulting
5155930,IT Services and IT Consulting
1584011,IT Services and IT Consulting
127047,IT Services and IT Consulting
2058251,IT Services and IT Consulting
1277980,IT Services and IT Consulting
30574460,IT Services and IT Consulting
87178186,IT Services and IT Consulting
103414069,IT Services and IT Consulting
22003,IT Services and IT Consulting
3998479,IT Services and IT Consulting
89828295,IT Services and IT Consulting
132625,IT Services and IT Consulting
33221218,IT Services and IT Consulting
6919,IT Services and IT Consulting
27240000,IT Services and IT Consulting
7175,IT Services and IT Consulting
223659,IT Services and IT Consulting
1243589,IT Services and IT Consulting
2499431,IT Services and IT Consulting
67572051,IT Services and IT Consulting
74360153,IT Services and IT Consulting
72015472,IT Services and IT Consulting
33046677,IT Services and IT Consulting
78326739,IT Services and IT Consulting
9826,IT Services and IT Consulting
43226128,IT Services and IT Consulting
156335,IT Services and IT Consulting
131759,IT Services and IT Consulting
34654317,IT Services and IT Consulting
31356620,IT Services and IT Consulting
242230,IT Services and IT Consulting
208401,IT Services and IT Consulting
1940159,IT Services and IT Consulting
1844927,IT Services and IT Consulting
510293,IT Services and IT Consulting
10298,IT Services and IT Consulting
282692,IT Services and IT Consulting
30226705,IT Services and IT Consulting
18373129,IT Services and IT Consulting
1452948,IT Services and IT Consulting
99248566,IT Services and IT Consulting
100550520,IT Services and IT Consulting
152109,IT Services and IT Consulting
165636,IT Services and IT Consulting
32292,IT Services and IT Consulting
17914628,IT Services and IT Consulting
9414987,IT Services and IT Consulting
1122072,IT Services and IT Consulting
14072019,IT Services and IT Consulting
145016,IT Services and IT Consulting
690587,IT Services and IT Consulting
866507,IT Services and IT Consulting
19101288,IT Services and IT Consulting
20282677,IT Services and IT Consulting
100742632,IT Services and IT Consulting
244455,IT Services and IT Consulting
1121618,IT Services and IT Consulting
2601226,IT Services and IT Consulting
9211944,IT Services and IT Consulting
13705949,IT Services and IT Consulting
53587661,IT Services and IT Consulting
75876381,IT Services and IT Consulting
44661,IT Services and IT Consulting
1331632,IT Services and IT Consulting
1098458,IT Services and IT Consulting
2283087,IT Services and IT Consulting
3361646,IT Services and IT Consulting
1258653,IT Services and IT Consulting
89762151,IT Services and IT Consulting
30179852,IT Services and IT Consulting
961273,IT Services and IT Consulting
3356865,IT Services and IT Consulting
80684099,IT Services and IT Consulting
17954837,IT Services and IT Consulting
1891806,IT Services and IT Consulting
9215489,IT Services and IT Consulting
92309,IT Services and IT Consulting
266132,IT Services and IT Consulting
26518413,IT Services and IT Consulting
31537981,IT Services and IT Consulting
670462,IT Services and IT Consulting
1279135,IT Services and IT Consulting
1739031,IT Services and IT Consulting
422976,IT Services and IT Consulting
68951209,IT Services and IT Consulting
30960415,IT Services and IT Consulting
28417,IT Services and IT Consulting
51100,IT Services and IT Consulting
2259276,IT Services and IT Consulting
1756,IT Services and IT Consulting
2319092,IT Services and IT Consulting
417618,IT Services and IT Consulting
1247510,IT Services and IT Consulting
2049248,IT Services and IT Consulting
89493362,IT Services and IT Consulting
71001459,IT Services and IT Consulting
2261227,IT Services and IT Consulting
3966490,IT Services and IT Consulting
2012779,IT Services and IT Consulting
80878880,IT Services and IT Consulting
77215487,IT Services and IT Consulting
19825,IT Services and IT Consulting
3224847,IT Services and IT Consulting
7602005,IT Services and IT Consulting
9428125,IT Services and IT Consulting
2422099,IT Services and IT Consulting
224935,IT Services and IT Consulting
82695521,IT Services and IT Consulting
19161931,IT Services and IT Consulting
93942,IT Services and IT Consulting
79011799,IT Services and IT Consulting
9246433,IT Services and IT Consulting
11067,IT Services and IT Consulting
98514526,IT Services and IT Consulting
145934,IT Services and IT Consulting
10682123,IT Services and IT Consulting
250164,IT Services and IT Consulting
10375170,IT Services and IT Consulting
4793263,IT Services and IT Consulting
23997,IT Services and IT Consulting
9432479,IT Services and IT Consulting
13395274,IT Services and IT Consulting
76113972,IT Services and IT Consulting
162986,IT Services and IT Consulting
5367422,IT Services and IT Consulting
1869,IT Services and IT Consulting
202484,IT Services and IT Consulting
2576,IT Services and IT Consulting
9224142,IT Services and IT Consulting
2368769,IT Services and IT Consulting
66639490,IT Services and IT Consulting
95709184,IT Services and IT Consulting
68688955,IT Services and IT Consulting
14467750,IT Services and IT Consulting
1384369,IT Services and IT Consulting
90362347,IT Services and IT Consulting
96610751,IT Services and IT Consulting
1250658,IT Services and IT Consulting
101236761,IT Services and IT Consulting
92917818,IT Services and IT Consulting
2868856,IT Services and IT Consulting
82051,IT Services and IT Consulting
67273,IT Services and IT Consulting
25019084,IT Services and IT Consulting
87467766,IT Services and IT Consulting
541168,IT Services and IT Consulting
53118,IT Services and IT Consulting
1861293,IT Services and IT Consulting
3354713,IT Services and IT Consulting
14553450,IT Services and IT Consulting
50801,IT Services and IT Consulting
2925555,IT Services and IT Consulting
2890618,IT Services and IT Consulting
18622011,IT Services and IT Consulting
404211,IT Services and IT Consulting
1614062,IT Services and IT Consulting
8367,IT Services and IT Consulting
89700093,IT Services and IT Consulting
6382239,IT Services and IT Consulting
68257427,IT Services and IT Consulting
3586,IT Services and IT Consulting
13664753,IT Services and IT Consulting
4203087,IT Services and IT Consulting
25066691,IT Services and IT Consulting
128748,IT Services and IT Consulting
1745669,IT Services and IT Consulting
31346550,IT Services and IT Consulting
90422423,IT Services and IT Consulting
1561782,IT Services and IT Consulting
456929,IT Services and IT Consulting
18601896,IT Services and IT Consulting
83600,IT Services and IT Consulting
66252,IT Services and IT Consulting
57188341,IT Services and IT Consulting
98048098,IT Services and IT Consulting
14422722,IT Services and IT Consulting
43577,IT Services and IT Consulting
521479,IT Services and IT Consulting
9901130,IT Services and IT Consulting
1850810,IT Services and IT Consulting
16168340,IT Services and IT Consulting
80886963,IT Services and IT Consulting
74283968,IT Services and IT Consulting
69222173,IT Services and IT Consulting
162371,IT Services and IT Consulting
80065524,IT Services and IT Consulting
164992,IT Services and IT Consulting
708782,IT Services and IT Consulting
74694602,IT Services and IT Consulting
21279,IT Services and IT Consulting
2194032,IT Services and IT Consulting
10028,IT Services and IT Consulting
83022857,IT Services and IT Consulting
68650307,IT Services and IT Consulting
5395456,IT Services and IT Consulting
97200504,IT Services and IT Consulting
6677,IT Services and IT Consulting
13758844,IT Services and IT Consulting
12991466,IT Services and IT Consulting
18587408,IT Services and IT Consulting
35672438,IT Services and IT Consulting
14392959,IT Services and IT Consulting
51705244,IT Services and IT Consulting
96909336,IT Services and IT Consulting
15254451,IT Services and IT Consulting
136307,IT Services and IT Consulting
75603990,IT Services and IT Consulting
1685110,IT Services and IT Consulting
37067372,IT Services and IT Consulting
27946,IT Services and IT Consulting
98785980,IT Services and IT Consulting
91187044,IT Services and IT Consulting
13600484,IT Services and IT Consulting
1975865,IT Services and IT Consulting
136188,IT Services and IT Consulting
77097,IT Services and IT Consulting
62185,IT Services and IT Consulting
8493,IT Services and IT Consulting
60561,IT Services and IT Consulting
225796,IT Services and IT Consulting
10416260,IT Services and IT Consulting
9409,IT Services and IT Consulting
78747640,IT Services and IT Consulting
10853673,IT Services and IT Consulting
63086,IT Services and IT Consulting
1128661,IT Services and IT Consulting
1408497,IT Services and IT Consulting
81636,IT Services and IT Consulting
1257192,IT Services and IT Consulting
7600286,IT Services and IT Consulting
3961685,IT Services and IT Consulting
1683442,IT Services and IT Consulting
2232425,IT Services and IT Consulting
35507441,IT Services and IT Consulting
16154370,IT Services and IT Consulting
77129265,IT Services and IT Consulting
323777,IT Services and IT Consulting
261562,IT Services and IT Consulting
77115616,IT Services and IT Consulting
14508644,IT Services and IT Consulting
71014749,IT Services and IT Consulting
2587248,IT Services and IT Consulting
3090427,IT Services and IT Consulting
68693,IT Services and IT Consulting
1027175,IT Services and IT Consulting
222111,IT Services and IT Consulting
53271735,IT Services and IT Consulting
427685,IT Services and IT Consulting
56915,IT Services and IT Consulting
2324363,IT Services and IT Consulting
1151762,IT Services and IT Consulting
44254,IT Services and IT Consulting
10980260,IT Services and IT Consulting
9565,IT Services and IT Consulting
18255679,IT Services and IT Consulting
28526,IT Services and IT Consulting
3848,IT Services and IT Consulting
1025,IT Services and IT Consulting
10554060,IT Services and IT Consulting
8710,IT Services and IT Consulting
27091,IT Services and IT Consulting
51301,IT Services and IT Consulting
79563079,IT Services and IT Consulting
144376,IT Services and IT Consulting
236155,IT Services and IT Consulting
7799176,IT Services and IT Consulting
1179477,IT Services and IT Consulting
51649570,IT Services and IT Consulting
89723065,IT Services and IT Consulting
1453914,IT Services and IT Consulting
18977718,IT Services and IT Consulting
2551046,IT Services and IT Consulting
3002900,IT Services and IT Consulting
157324,IT Services and IT Consulting
3047174,IT Services and IT Consulting
26535804,IT Services and IT Consulting
245219,IT Services and IT Consulting
213550,IT Services and IT Consulting
26515164,IT Services and IT Consulting
6385880,IT Services and IT Consulting
5908,IT Services and IT Consulting
18954974,IT Services and IT Consulting
115804,IT Services and IT Consulting
77601,IT Services and IT Consulting
13323120,IT Services and IT Consulting
10037,IT Services and IT Consulting
819886,IT Services and IT Consulting
3165266,IT Services and IT Consulting
13076,IT Services and IT Consulting
57432,IT Services and IT Consulting
2423,IT Services and IT Consulting
44730,IT Services and IT Consulting
3653,IT Services and IT Consulting
43680,IT Services and IT Consulting
32542,IT Services and IT Consulting
165276,IT Services and IT Consulting
165621,IT Services and IT Consulting
70420,IT Services and IT Consulting
605815,IT Services and IT Consulting
28649902,IT Services and IT Consulting
2363384,IT Services and IT Consulting
3128,IT Services and IT Consulting
8642628,IT Services and IT Consulting
1632202,IT Services and IT Consulting
203731,IT Services and IT Consulting
1786002,IT Services and IT Consulting
71299189,IT Services and IT Consulting
12540,IT Services and IT Consulting
15257953,IT Services and IT Consulting
3685800,IT Services and IT Consulting
100966478,IT Services and IT Consulting
2815197,IT Services and IT Consulting
3032528,IT Services and IT Consulting
9204586,IT Services and IT Consulting
2980,IT Services and IT Consulting
5022019,IT Services and IT Consulting
7689,IT Services and IT Consulting
9487758,IT Services and IT Consulting
78631,IT Services and IT Consulting
74140747,IT Services and IT Consulting
2840488,IT Services and IT Consulting
64782960,IT Services and IT Consulting
60322,IT Services and IT Consulting
28988214,IT Services and IT Consulting
49681,IT Services and IT Consulting
2385278,IT Services and IT Consulting
29279018,IT Services and IT Consulting
99486423,IT Services and IT Consulting
4870269,IT Services and IT Consulting
60360,IT Services and IT Consulting
3316,IT Services and IT Consulting
11317510,IT Services and IT Consulting
5022712,IT Services and IT Consulting
40269,IT Services and IT Consulting
27292,IT Services and IT Consulting
92409,IT Services and IT Consulting
64971067,IT Services and IT Consulting
9219843,IT Services and IT Consulting
2197296,IT Services and IT Consulting
2619868,IT Services and IT Consulting
10950732,IT Services and IT Consulting
3045278,IT Services and IT Consulting
31100404,IT Services and IT Consulting
11843767,IT Services and IT Consulting
320132,IT Services and IT Consulting
38131776,IT Services and IT Consulting
40807457,IT Services and IT Consulting
101716578,IT Services and IT Consulting
40661516,IT Services and IT Consulting
33301910,IT Services and IT Consulting
84813880,IT Services and IT Consulting
90068,IT Services and IT Consulting
1335118,IT Services and IT Consulting
456068,IT Services and IT Consulting
100564,IT Services and IT Consulting
81897394,IT Services and IT Consulting
9341266,IT Services and IT Consulting
92841605,IT Services and IT Consulting
109766,IT Services and IT Consulting
235984,IT Services and IT Consulting
756569,IT Services and IT Consulting
10356220,IT Services and IT Consulting
89750232,IT Services and IT Consulting
97464196,IT Services and IT Consulting
90644499,IT Services and IT Consulting
2659878,IT Services and IT Consulting
34275,IT Services and IT Consulting
586645,IT Services and IT Consulting
75103348,IT Services and IT Consulting
1253581,IT Services and IT Consulting
10841679,IT Services and IT Consulting
901502,IT Services and IT Consulting
624917,IT Services and IT Consulting
81941852,IT Services and IT Consulting
10418607,IT Services and IT Consulting
89971810,IT Services and IT Consulting
102431186,IT Services and IT Consulting
2012403,IT Services and IT Consulting
10247020,IT Services and IT Consulting
89878417,IT Services and IT Consulting
4031911,IT Services and IT Consulting
35671596,IT Services and IT Consulting
3307823,IT Services and IT Consulting
1498833,IT Services and IT Consulting
79886558,IT Services and IT Consulting
56862,IT Services and IT Consulting
216780,IT Services and IT Consulting
9312786,IT Services and IT Consulting
35693578,IT Services and IT Consulting
3311632,IT Services and IT Consulting
5106598,IT Services and IT Consulting
206800,IT Services and IT Consulting
6444370,IT Services and IT Consulting
2511837,IT Services and IT Consulting
11506900,IT Services and IT Consulting
2806184,IT Services and IT Consulting
75068177,IT Services and IT Consulting
164825,IT Services and IT Consulting
1314202,IT Services and IT Consulting
35451465,IT Services and IT Consulting
16057799,IT Services and IT Consulting
4837940,IT Services and IT Consulting
5402475,IT Services and IT Consulting
90548177,IT Services and IT Consulting
65587,IT Services and IT Consulting
11061848,IT Services and IT Consulting
71954,IT Services and IT Consulting
57421,IT Services and IT Consulting
10129073,IT Services and IT Consulting
143993,IT Services and IT Consulting
13328290,IT Services and IT Consulting
3802195,IT Services and IT Consulting
13279793,IT Services and IT Consulting
71582282,IT Services and IT Consulting
68839257,IT Services and IT Consulting
80847793,IT Services and IT Consulting
77295934,IT Services and IT Consulting
1054393,IT Services and IT Consulting
33202713,IT Services and IT Consulting
3806039,IT Services and IT Consulting
166996,IT Services and IT Consulting
89352252,IT Services and IT Consulting
18120647,IT Services and IT Consulting
152765,IT Services and IT Consulting
16203188,IT Services and IT Consulting
10989141,IT Services and IT Consulting
288047,IT Services and IT Consulting
76735050,IT Services and IT Consulting
87085934,IT Services and IT Consulting
2509162,IT Services and IT Consulting
503768,IT Services and IT Consulting
18390845,IT Services and IT Consulting
749795,IT Services and IT Consulting
65685024,IT Services and IT Consulting
2377207,IT Services and IT Consulting
8538,IT Services and IT Consulting
22321191,IT Services and IT Consulting
1947294,IT Services and IT Consulting
78632700,IT Services and IT Consulting
1592400,IT Services and IT Consulting
6585178,IT Services and IT Consulting
13011,IT Services and IT Consulting
2236492,IT Services and IT Consulting
15238307,IT Services and IT Consulting
64737654,IT Services and IT Consulting
16219,IT Services and IT Consulting
67483,IT Services and IT Consulting
81949095,IT Services and IT Consulting
51322,IT Services and IT Consulting
13745845,IT Services and IT Consulting
1344410,IT Services and IT Consulting
4796324,IT Services and IT Consulting
13672385,IT Services and IT Consulting
77185102,IT Services and IT Consulting
57010,IT Services and IT Consulting
75437831,IT Services and IT Consulting
75862255,IT Services and IT Consulting
51716058,IT Services and IT Consulting
298313,IT Services and IT Consulting
79830368,IT Services and IT Consulting
356094,IT Services and IT Consulting
35513014,IT Services and IT Consulting
229538,IT Services and IT Consulting
80048785,IT Services and IT Consulting
18860044,IT Services and IT Consulting
10115449,IT Services and IT Consulting
18045394,IT Services and IT Consulting
2880064,IT Services and IT Consulting
33247900,IT Services and IT Consulting
27022839,IT Services and IT Consulting
825290,IT Services and IT Consulting
2403625,IT Services and IT Consulting
55406,IT Services and IT Consulting
17983361,IT Services and IT Consulting
7990291,IT Services and IT Consulting
4458,IT Services and IT Consulting
27283627,IT Services and IT Consulting
10267837,IT Services and IT Consulting
42859929,IT Services and IT Consulting
948528,IT Services and IT Consulting
96371295,IT Services and IT Consulting
64638,IT Services and IT Consulting
30769477,IT Services and IT Consulting
18441691,IT Services and IT Consulting
18785553,IT Services and IT Consulting
2314143,IT Services and IT Consulting
2049094,IT Services and IT Consulting
92476240,IT Services and IT Consulting
6455591,IT Services and IT Consulting
37694,IT Services and IT Consulting
10890823,IT Services and IT Consulting
11625,IT Services and IT Consulting
40882320,IT Services and IT Consulting
9195529,IT Services and IT Consulting
113875,IT Services and IT Consulting
7939193,IT Services and IT Consulting
10515345,IT Services and IT Consulting
10876146,IT Services and IT Consulting
279924,IT Services and IT Consulting
10393438,IT Services and IT Consulting
16101,IT Services and IT Consulting
9496229,IT Services and IT Consulting
76507853,IT Services and IT Consulting
35891828,IT Services and IT Consulting
10363650,IT Services and IT Consulting
18851851,IT Services and IT Consulting
3094595,IT Services and IT Consulting
79093668,IT Services and IT Consulting
946242,IT Services and IT Consulting
80693272,IT Services and IT Consulting
40888376,IT Services and IT Consulting
52136858,IT Services and IT Consulting
18863748,IT Services and IT Consulting
97188066,IT Services and IT Consulting
2794879,IT Services and IT Consulting
3638696,IT Services and IT Consulting
74777356,IT Services and IT Consulting
1494,IT Services and IT Consulting
166076,IT Services and IT Consulting
81632673,IT Services and IT Consulting
5397161,IT Services and IT Consulting
37390,IT Services and IT Consulting
40725122,IT Services and IT Consulting
79879166,IT Services and IT Consulting
7962426,IT Services and IT Consulting
239533,IT Services and IT Consulting
79365128,IT Services and IT Consulting
1438446,IT Services and IT Consulting
82640429,IT Services and IT Consulting
39838,IT Services and IT Consulting
1310741,IT Services and IT Consulting
99032606,IT Services and IT Consulting
1045637,IT Services and IT Consulting
100947,IT Services and IT Consulting
76517634,IT Services and IT Consulting
6225,IT Services and IT Consulting
3824621,IT Services and IT Consulting
13675,IT Services and IT Consulting
14647401,IT Services and IT Consulting
58661,IT Services and IT Consulting
18389,IT Services and IT Consulting
203479,IT Services and IT Consulting
123094,IT Services and IT Consulting
28695602,IT Services and IT Consulting
7032083,IT Services and IT Consulting
2695488,IT Services and IT Consulting
69963503,IT Services and IT Consulting
26781,IT Services and IT Consulting
1088884,IT Services and IT Consulting
83745,IT Services and IT Consulting
2640965,IT Services and IT Consulting
467038,IT Services and IT Consulting
65762,IT Services and IT Consulting
98476512,IT Services and IT Consulting
1311847,IT Services and IT Consulting
14479357,IT Services and IT Consulting
729040,IT Services and IT Consulting
58741,IT Services and IT Consulting
1757361,IT Services and IT Consulting
13660588,IT Services and IT Consulting
1642843,IT Services and IT Consulting
14514065,IT Services and IT Consulting
978668,IT Services and IT Consulting
4289180,IT Services and IT Consulting
77143708,IT Services and IT Consulting
2855312,IT Services and IT Consulting
89720211,IT Services and IT Consulting
76557506,IT Services and IT Consulting
711088,IT Services and IT Consulting
123822,IT Services and IT Consulting
90837787,IT Services and IT Consulting
373873,IT Services and IT Consulting
96716,IT Services and IT Consulting
2775427,IT Services and IT Consulting
23323,IT Services and IT Consulting
2623352,IT Services and IT Consulting
21485,IT Services and IT Consulting
164923,IT Services and IT Consulting
35479,IT Services and IT Consulting
96621796,IT Services and IT Consulting
34375,IT Services and IT Consulting
1792232,IT Services and IT Consulting
102134611,IT Services and IT Consulting
80666453,IT Services and IT Consulting
34624,IT Services and IT Consulting
71401185,IT Services and IT Consulting
70292136,IT Services and IT Consulting
1403143,IT Services and IT Consulting
76412394,IT Services and IT Consulting
18385144,IT Services and IT Consulting
10520445,IT Services and IT Consulting
78060668,IT Services and IT Consulting
4447979,IT Services and IT Consulting
5061776,IT Services and IT Consulting
11006242,IT Services and IT Consulting
72060,IT Services and IT Consulting
72041438,IT Services and IT Consulting
21528485,IT Services and IT Consulting
65935,IT Services and IT Consulting
3364772,IT Services and IT Consulting
13149,IT Services and IT Consulting
18682633,IT Services and IT Consulting
1372950,IT Services and IT Consulting
13301966,IT Services and IT Consulting
998305,IT Services and IT Consulting
978324,IT Services and IT Consulting
41266,IT Services and IT Consulting
943057,IT Services and IT Consulting
34709044,IT Services and IT Consulting
125527,IT Services and IT Consulting
10857149,IT Services and IT Consulting
718471,IT Services and IT Consulting
91312354,IT Services and IT Consulting
99090091,IT Services and IT Consulting
1403634,IT Services and IT Consulting
3638581,IT Services and IT Consulting
84004164,IT Services and IT Consulting
2246926,IT Services and IT Consulting
2540271,IT Services and IT Consulting
2371681,IT Services and IT Consulting
96131414,IT Services and IT Consulting
2155110,IT Services and IT Consulting
18348487,IT Services and IT Consulting
13356126,IT Services and IT Consulting
64969622,IT Services and IT Consulting
2538921,IT Services and IT Consulting
263278,IT Services and IT Consulting
14620904,IT Services and IT Consulting
35590008,IT Services and IT Consulting
78451299,IT Services and IT Consulting
2586261,IT Services and IT Consulting
25181,IT Services and IT Consulting
1842410,IT Services and IT Consulting
344299,IT Services and IT Consulting
3577168,IT Services and IT Consulting
3027,IT Services and IT Consulting
101721428,IT Services and IT Consulting
2579911,IT Services and IT Consulting
76087721,IT Services and IT Consulting
375438,IT Services and IT Consulting
113178,IT Services and IT Consulting
15258405,IT Services and IT Consulting
71539551,IT Services and IT Consulting
99107479,IT Services and IT Consulting
3730982,IT Services and IT Consulting
2079141,IT Services and IT Consulting
749716,IT Services and IT Consulting
224006,IT Services and IT Consulting
1613092,IT Services and IT Consulting
10267542,IT Services and IT Consulting
97460698,IT Services and IT Consulting
81564871,IT Services and IT Consulting
266465,IT Services and IT Consulting
147899,IT Services and IT Consulting
5344,IT Services and IT Consulting
10516388,IT Services and IT Consulting
812542,IT Services and IT Consulting
86208816,IT Services and IT Consulting
3779159,IT Services and IT Consulting
16192828,IT Services and IT Consulting
1167425,IT Services and IT Consulting
81302501,IT Services and IT Consulting
89793096,IT Services and IT Consulting
15557,IT Services and IT Consulting
11467712,IT Services and IT Consulting
7937286,IT Services and IT Consulting
580624,IT Services and IT Consulting
542961,IT Services and IT Consulting
35628993,IT Services and IT Consulting
3321547,IT Services and IT Consulting
3299509,IT Services and IT Consulting
93610612,IT Services and IT Consulting
72062942,IT Services and IT Consulting
885787,IT Services and IT Consulting
253661,IT Services and IT Consulting
15231,IT Services and IT Consulting
15221948,IT Services and IT Consulting
152308,IT Services and IT Consulting
409849,IT Services and IT Consulting
292978,IT Services and IT Consulting
6529017,IT Services and IT Consulting
55873224,IT Services and IT Consulting
65452752,IT Services and IT Consulting
2219323,IT Services and IT Consulting
122881,IT Services and IT Consulting
259492,IT Services and IT Consulting
628842,IT Services and IT Consulting
685175,IT Services and IT Consulting
775490,IT Services and IT Consulting
143687,IT Services and IT Consulting
786063,IT Services and IT Consulting
10309372,IT Services and IT Consulting
6654288,IT Services and IT Consulting
14601256,IT Services and IT Consulting
164361,IT Services and IT Consulting
77133,IT Services and IT Consulting
11033790,IT Services and IT Consulting
2473380,IT Services and IT Consulting
92462355,IT Services and IT Consulting
82543242,IT Services and IT Consulting
69639337,IT Services and IT Consulting
8490,IT Services and IT Consulting
1910344,IT Services and IT Consulting
3000753,IT Services and IT Consulting
18247082,IT Services and IT Consulting
736366,IT Services and IT Consulting
4432660,IT Services and IT Consulting
455283,IT Services and IT Consulting
52182975,IT Services and IT Consulting
17516,IT Services and IT Consulting
803638,IT Services and IT Consulting
13391879,IT Services and IT Consulting
1016007,IT Services and IT Consulting
99161554,IT Services and IT Consulting
15014,IT Services and IT Consulting
260601,IT Services and IT Consulting
412012,IT Services and IT Consulting
2400156,IT Services and IT Consulting
7771,IT Services and IT Consulting
2494361,IT Services and IT Consulting
456189,IT Services and IT Consulting
77279406,IT Services and IT Consulting
3031290,IT Services and IT Consulting
37845,IT Services and IT Consulting
3596426,IT Services and IT Consulting
7162381,IT Services and IT Consulting
42837454,IT Services and IT Consulting
82508061,IT Services and IT Consulting
79410056,IT Services and IT Consulting
54360562,IT Services and IT Consulting
10297627,IT Services and IT Consulting
31850,IT Services and IT Consulting
1106954,IT Services and IT Consulting
114044,IT Services and IT Consulting
836474,IT Services and IT Consulting
4310,IT Services and IT Consulting
359901,IT Services and IT Consulting
73012124,IT Services and IT Consulting
9350447,IT Services and IT Consulting
27017673,IT Services and IT Consulting
71221861,IT Services and IT Consulting
17259,IT Services and IT Consulting
2610793,IT Services and IT Consulting
1076320,IT Services and IT Consulting
11486116,IT Services and IT Consulting
97208606,IT Services and IT Consulting
9812,IT Services and IT Consulting
5322,IT Services and IT Consulting
25030011,IT Services and IT Consulting
98709618,IT Services and IT Consulting
11232689,IT Services and IT Consulting
11173457,IT Services and IT Consulting
20344,IT Services and IT Consulting
11716822,IT Services and IT Consulting
33188204,IT Services and IT Consulting
321712,IT Services and IT Consulting
664795,IT Services and IT Consulting
33183378,IT Services and IT Consulting
43010,IT Services and IT Consulting
91575734,IT Services and IT Consulting
52392,IT Services and IT Consulting
127119,IT Services and IT Consulting
98835983,IT Services and IT Consulting
2749627,IT Services and IT Consulting
1259,IT Services and IT Consulting
99854858,IT Services and IT Consulting
101103741,IT Services and IT Consulting
2740813,IT Services and IT Consulting
696534,IT Services and IT Consulting
245238,IT Services and IT Consulting
250774,IT Services and IT Consulting
2747538,IT Services and IT Consulting
91156986,IT Services and IT Consulting
68284294,IT Services and IT Consulting
6700,IT Services and IT Consulting
726144,IT Services and IT Consulting
6339,IT Services and IT Consulting
266461,IT Services and IT Consulting
213743,IT Services and IT Consulting
71145765,IT Services and IT Consulting
63730,IT Services and IT Consulting
2490606,IT Services and IT Consulting
392449,IT Services and IT Consulting
6205,IT Services and IT Consulting
288385,IT Services and IT Consulting
80587,IT Services and IT Consulting
4985352,IT Services and IT Consulting
4721,IT Services and IT Consulting
58195,IT Services and IT Consulting
30746164,IT Services and IT Consulting
632721,IT Services and IT Consulting
449845,IT Services and IT Consulting
22944,IT Services and IT Consulting
35208,IT Services and IT Consulting
395901,IT Services and IT Consulting
74895580,IT Services and IT Consulting
98851977,IT Services and IT Consulting
6791218,IT Services and IT Consulting
1876865,IT Services and IT Consulting
3157926,IT Services and IT Consulting
37452329,IT Services and IT Consulting
3610698,IT Services and IT Consulting
15212511,IT Services and IT Consulting
1013110,IT Services and IT Consulting
7217382,IT Services and IT Consulting
475262,IT Services and IT Consulting
2686249,IT Services and IT Consulting
6638223,IT Services and IT Consulting
8742066,IT Services and IT Consulting
121387,IT Services and IT Consulting
31139044,IT Services and IT Consulting
77056563,IT Services and IT Consulting
141953,IT Services and IT Consulting
14378285,IT Services and IT Consulting
76360107,IT Services and IT Consulting
89919202,IT Services and IT Consulting
4127235,IT Services and IT Consulting
100088626,IT Services and IT Consulting
10653666,IT Services and IT Consulting
82825136,IT Services and IT Consulting
1095246,IT Services and IT Consulting
608693,IT Services and IT Consulting
3331109,IT Services and IT Consulting
14489622,IT Services and IT Consulting
58852,IT Services and IT Consulting
13248636,IT Services and IT Consulting
7578907,IT Services and IT Consulting
307706,IT Services and IT Consulting
428834,IT Services and IT Consulting
503931,IT Services and IT Consulting
50771,IT Services and IT Consulting
483997,IT Services and IT Consulting
10332758,IT Services and IT Consulting
90527207,IT Services and IT Consulting
82014411,IT Services and IT Consulting
78988388,IT Services and IT Consulting
36232,IT Services and IT Consulting
239024,IT Services and IT Consulting
8726,IT Services and IT Consulting
9446798,IT Services and IT Consulting
81877855,IT Services and IT Consulting
2503830,IT Services and IT Consulting
74481337,IT Services and IT Consulting
64727139,IT Services and IT Consulting
68601226,IT Services and IT Consulting
1725373,IT Services and IT Consulting
414551,IT Services and IT Consulting
526102,IT Services and IT Consulting
11815285,IT Services and IT Consulting
33191624,IT Services and IT Consulting
80851405,IT Services and IT Consulting
11787695,IT Services and IT Consulting
575811,IT Services and IT Consulting
24999297,IT Services and IT Consulting
64550128,IT Services and IT Consulting
77855,IT Services and IT Consulting
13194554,IT Services and IT Consulting
568502,IT Services and IT Consulting
3118196,IT Services and IT Consulting
10594479,IT Services and IT Consulting
2477827,IT Services and IT Consulting
1508388,IT Services and IT Consulting
64288000,IT Services and IT Consulting
13332717,IT Services and IT Consulting
1301808,IT Services and IT Consulting
40862622,IT Services and IT Consulting
91106654,IT Services and IT Consulting
334506,IT Services and IT Consulting
410058,IT Services and IT Consulting
72143958,IT Services and IT Consulting
92926010,IT Services and IT Consulting
2842769,IT Services and IT Consulting
45498491,IT Services and IT Consulting
20773,IT Services and IT Consulting
1102596,IT Services and IT Consulting
8950,IT Services and IT Consulting
2499560,IT Services and IT Consulting
89581254,IT Services and IT Consulting
912694,IT Services and IT Consulting
94102814,IT Services and IT Consulting
8235,IT Services and IT Consulting
287132,IT Services and IT Consulting
59713,IT Services and IT Consulting
82095941,IT Services and IT Consulting
3780,IT Services and IT Consulting
13573,IT Services and IT Consulting
38081505,IT Services and IT Consulting
35655603,IT Services and IT Consulting
88278515,IT Services and IT Consulting
457913,IT Services and IT Consulting
3270913,IT Services and IT Consulting
14629065,IT Services and IT Consulting
10071781,IT Services and IT Consulting
162723,IT Services and IT Consulting
207570,IT Services and IT Consulting
13617580,IT Services and IT Consulting
1004356,IT Services and IT Consulting
1022548,IT Services and IT Consulting
5049917,IT Services and IT Consulting
10923928,IT Services and IT Consulting
2953670,IT Services and IT Consulting
478140,IT Services and IT Consulting
72825,IT Services and IT Consulting
80315844,IT Services and IT Consulting
78748154,IT Services and IT Consulting
3682545,IT Services and IT Consulting
71662986,IT Services and IT Consulting
3223787,IT Services and IT Consulting
271750,IT Services and IT Consulting
99043494,IT Services and IT Consulting
10789157,IT Services and IT Consulting
99351336,IT Services and IT Consulting
80021800,IT Services and IT Consulting
9327257,IT Services and IT Consulting
3781946,IT Services and IT Consulting
466903,IT Services and IT Consulting
1044,IT Services and IT Consulting
18314,IT Services and IT Consulting
2010798,IT Services and IT Consulting
42785914,IT Services and IT Consulting
25773,IT Services and IT Consulting
69495278,IT Services and IT Consulting
14439628,IT Services and IT Consulting
1243039,IT Services and IT Consulting
139477,IT Services and IT Consulting
80167387,IT Services and IT Consulting
96213179,IT Services and IT Consulting
3294602,IT Services and IT Consulting
2838035,IT Services and IT Consulting
40805,IT Services and IT Consulting
64853982,IT Services and IT Consulting
1142560,IT Services and IT Consulting
46305,IT Services and IT Consulting
2414446,IT Services and IT Consulting
4371,IT Services and IT Consulting
2722336,IT Services and IT Consulting
1821048,IT Services and IT Consulting
2426405,IT Services and IT Consulting
65734152,IT Services and IT Consulting
13226580,IT Services and IT Consulting
345564,IT Services and IT Consulting
11208030,IT Services and IT Consulting
11841554,IT Services and IT Consulting
456272,IT Services and IT Consulting
5003556,IT Services and IT Consulting
96163362,IT Services and IT Consulting
1257105,IT Services and IT Consulting
17329,IT Services and IT Consulting
75417342,IT Services and IT Consulting
98477653,IT Services and IT Consulting
577499,IT Services and IT Consulting
80249,IT Services and IT Consulting
903491,IT Services and IT Consulting
72060539,IT Services and IT Consulting
5005549,IT Services and IT Consulting
437449,IT Services and IT Consulting
3209636,IT Services and IT Consulting
912358,IT Services and IT Consulting
846953,IT Services and IT Consulting
82135156,IT Services and IT Consulting
89973025,IT Services and IT Consulting
806395,IT Services and IT Consulting
542651,IT Services and IT Consulting
83485,IT Services and IT Consulting
5359633,IT Services and IT Consulting
2206,IT Services and IT Consulting
42096142,IT Services and IT Consulting
2991861,IT Services and IT Consulting
11267443,IT Services and IT Consulting
11187415,IT Services and IT Consulting
16077860,IT Services and IT Consulting
64611129,IT Services and IT Consulting
163152,IT Services and IT Consulting
156476,IT Services and IT Consulting
53652428,IT Services and IT Consulting
81660766,IT Services and IT Consulting
35719183,IT Services and IT Consulting
31366,IT Services and IT Consulting
79947,IT Services and IT Consulting
126434,IT Services and IT Consulting
42379403,IT Services and IT Consulting
10698880,IT Services and IT Consulting
11084085,IT Services and IT Consulting
445686,IT Services and IT Consulting
162533,IT Services and IT Consulting
77769152,IT Services and IT Consulting
76532383,IT Services and IT Consulting
74848559,IT Services and IT Consulting
10387848,IT Services and IT Consulting
79816265,IT Services and IT Consulting
11555124,IT Services and IT Consulting
65646554,IT Services and IT Consulting
705528,IT Services and IT Consulting
65004375,IT Services and IT Consulting
5347110,IT Services and IT Consulting
2555069,IT Services and IT Consulting
3837152,IT Services and IT Consulting
716360,IT Services and IT Consulting
23669,IT Services and IT Consulting
763780,IT Services and IT Consulting
11174620,IT Services and IT Consulting
99160630,IT Services and IT Consulting
76111096,IT Services and IT Consulting
98440385,IT Services and IT Consulting
80755,IT Services and IT Consulting
2396335,IT Services and IT Consulting
846385,IT Services and IT Consulting
14653154,IT Services and IT Consulting
3181342,IT Services and IT Consulting
34072437,IT Services and IT Consulting
27096797,IT Services and IT Consulting
382936,IT Services and IT Consulting
10094133,IT Services and IT Consulting
99029069,IT Services and IT Consulting
13213968,IT Services and IT Consulting
12585742,IT Services and IT Consulting
3083295,IT Services and IT Consulting
3299606,IT Services and IT Consulting
18589850,IT Services and IT Consulting
8885157,IT Services and IT Consulting
15089185,IT Services and IT Consulting
15454345,IT Services and IT Consulting
13463160,IT Services and IT Consulting
95676400,IT Services and IT Consulting
242538,IT Services and IT Consulting
2121426,IT Services and IT Consulting
79086233,IT Services and IT Consulting
1229654,IT Services and IT Consulting
61675,IT Services and IT Consulting
2209560,IT Services and IT Consulting
143371,IT Services and IT Consulting
10559767,IT Services and IT Consulting
10140364,IT Services and IT Consulting
14481910,IT Services and IT Consulting
447716,IT Services and IT Consulting
165123,IT Services and IT Consulting
212259,IT Services and IT Consulting
82818781,IT Services and IT Consulting
76586243,IT Services and IT Consulting
61324,IT Services and IT Consulting
35489207,IT Services and IT Consulting
20700988,IT Services and IT Consulting
369353,IT Services and IT Consulting
297406,IT Services and IT Consulting
69733271,IT Services and IT Consulting
96108825,IT Services and IT Consulting
498361,IT Services and IT Consulting
72162876,IT Services and IT Consulting
6590514,IT Services and IT Consulting
15314,IT Services and IT Consulting
35595252,IT Services and IT Consulting
937217,IT Services and IT Consulting
11682570,IT Services and IT Consulting
6668888,IT Services and IT Consulting
77615894,IT Services and IT Consulting
203274,IT Services and IT Consulting
270216,IT Services and IT Consulting
64261209,IT Services and IT Consulting
30316,IT Services and IT Consulting
7586071,IT Services and IT Consulting
3614410,IT Services and IT Consulting
2673722,IT Services and IT Consulting
81468691,IT Services and IT Consulting
99655,IT Services and IT Consulting
27239179,IT Services and IT Consulting
18859996,IT Services and IT Consulting
2711102,IT Services and IT Consulting
16260045,IT Services and IT Consulting
65447738,IT Services and IT Consulting
524282,IT Services and IT Consulting
56758,IT Services and IT Consulting
36013306,IT Services and IT Consulting
85948773,IT Services and IT Consulting
97466845,IT Services and IT Consulting
91514875,IT Services and IT Consulting
539853,IT Services and IT Consulting
42928138,IT Services and IT Consulting
76719929,IT Services and IT Consulting
1931320,IT Services and IT Consulting
14757428,IT Services and IT Consulting
28976612,IT Services and IT Consulting
2643302,IT Services and IT Consulting
27206372,IT Services and IT Consulting
30913302,IT Services and IT Consulting
79369901,IT Services and IT Consulting
10558668,IT Services and IT Consulting
3234670,IT Services and IT Consulting
265294,IT Services and IT Consulting
64684134,IT Services and IT Consulting
98867117,IT Services and IT Consulting
10629989,IT Services and IT Consulting
18542,IT Services and IT Consulting
7853868,IT Services and IT Consulting
816819,IT Services and IT Consulting
29049031,IT Services and IT Consulting
82641812,IT Services and IT Consulting
68124272,IT Services and IT Consulting
420558,IT Services and IT Consulting
24283,IT Services and IT Consulting
2961568,IT Services and IT Consulting
7972763,IT Services and IT Consulting
96668235,IT Services and IT Consulting
13469068,IT Services and IT Consulting
75021825,IT Services and IT Consulting
26603884,IT Services and IT Consulting
11366390,IT Services and IT Consulting
2898257,IT Services and IT Consulting
76479092,IT Services and IT Consulting
40769,IT Services and IT Consulting
71646880,IT Services and IT Consulting
10619345,IT Services and IT Consulting
89761202,IT Services and IT Consulting
69732,IT Services and IT Consulting
2015890,IT Services and IT Consulting
82758823,IT Services and IT Consulting
79727642,IT Services and IT Consulting
2931319,IT Services and IT Consulting
33315566,IT Services and IT Consulting
4482684,IT Services and IT Consulting
120684,IT Services and IT Consulting
25172167,IT Services and IT Consulting
41887,IT Services and IT Consulting
213427,IT Services and IT Consulting
100151775,IT Services and IT Consulting
7931934,IT Services and IT Consulting
2618373,IT Services and IT Consulting
30357,IT Services and IT Consulting
27168700,IT Services and IT Consulting
98782017,IT Services and IT Consulting
34484,IT Services and IT Consulting
2241093,IT Services and IT Consulting
29017200,IT Services and IT Consulting
1089204,IT Services and IT Consulting
1435011,IT Services and IT Consulting
1941146,IT Services and IT Consulting
92542494,IT Services and IT Consulting
101489811,IT Services and IT Consulting
1072142,IT Services and IT Consulting
2697872,IT Services and IT Consulting
67716551,IT Services and IT Consulting
1060709,IT Services and IT Consulting
326987,IT Services and IT Consulting
83979,IT Services and IT Consulting
9240735,IT Services and IT Consulting
88023946,IT Services and IT Consulting
10395596,IT Services and IT Consulting
68008965,IT Services and IT Consulting
149293,IT Services and IT Consulting
11557245,IT Services and IT Consulting
2999272,IT Services and IT Consulting
94205996,IT Services and IT Consulting
18942103,IT Services and IT Consulting
1688526,IT Services and IT Consulting
23902,IT Services and IT Consulting
18048742,IT Services and IT Consulting
17312,IT Services and IT Consulting
42022,IT Services and IT Consulting
1961369,IT Services and IT Consulting
53088335,IT Services and IT Consulting
1495991,IT Services and IT Consulting
48172,IT Services and IT Consulting
7957610,IT Services and IT Consulting
136509,IT Services and IT Consulting
3780788,IT Services and IT Consulting
4535,IT Services and IT Consulting
11191877,IT Services and IT Consulting
5310955,IT Services and IT Consulting
2363576,IT Services and IT Consulting
10388125,IT Services and IT Consulting
27771,IT Services and IT Consulting
548385,IT Services and IT Consulting
1645229,IT Services and IT Consulting
18368814,IT Services and IT Consulting
1334362,IT Services and IT Consulting
13023396,IT Services and IT Consulting
13714336,IT Services and IT Consulting
6556800,IT Services and IT Consulting
14524806,IT Services and IT Consulting
153070,IT Services and IT Consulting
3260446,IT Services and IT Consulting
85823036,IT Services and IT Consulting
13210834,IT Services and IT Consulting
1547653,IT Services and IT Consulting
13268370,IT Services and IT Consulting
165747,IT Services and IT Consulting
24774475,IT Services and IT Consulting
4791832,IT Services and IT Consulting
119876,IT Services and IT Consulting
90390964,IT Services and IT Consulting
31188432,IT Services and IT Consulting
56133703,IT Services and IT Consulting
7893064,IT Services and IT Consulting
13434885,IT Services and IT Consulting
770743,IT Services and IT Consulting
12957178,IT Services and IT Consulting
3820097,IT Services and IT Consulting
15110,IT Services and IT Consulting
2712421,IT Services and IT Consulting
421658,IT Services and IT Consulting
10860178,IT Services and IT Consulting
485892,IT Services and IT Consulting
28542,IT Services and IT Consulting
75059318,IT Services and IT Consulting
86206342,IT Services and IT Consulting
20603,IT Services and IT Consulting
91445367,IT Services and IT Consulting
101685092,IT Services and IT Consulting
6649017,IT Services and IT Consulting
99200397,IT Services and IT Consulting
99974,IT Services and IT Consulting
17628,IT Services and IT Consulting
51648,IT Services and IT Consulting
79751913,IT Services and IT Consulting
75652254,IT Services and IT Consulting
9393466,IT Services and IT Consulting
2336815,IT Services and IT Consulting
26647085,IT Services and IT Consulting
1855796,IT Services and IT Consulting
5366274,IT Services and IT Consulting
5513055,IT Services and IT Consulting
6609,IT Services and IT Consulting
2236254,IT Services and IT Consulting
81422496,IT Services and IT Consulting
1418447,IT Services and IT Consulting
2102204,IT Services and IT Consulting
217947,IT Services and IT Consulting
20025,IT Services and IT Consulting
51637411,IT Services and IT Consulting
15345,IT Services and IT Consulting
879486,IT Services and IT Consulting
88427876,IT Services and IT Consulting
38329,IT Services and IT Consulting
1673439,IT Services and IT Consulting
5378395,IT Services and IT Consulting
99188188,IT Services and IT Consulting
96589527,IT Services and IT Consulting
102661,IT Services and IT Consulting
40655424,IT Services and IT Consulting
236413,IT Services and IT Consulting
81937399,IT Services and IT Consulting
77725098,IT Services and IT Consulting
1188867,IT Services and IT Consulting
60605,IT Services and IT Consulting
87839,IT Services and IT Consulting
15210062,IT Services and IT Consulting
3635,IT Services and IT Consulting
37175224,IT Services and IT Consulting
68227717,IT Services and IT Consulting
690468,IT Services and IT Consulting
54748,IT Services and IT Consulting
93331678,IT Services and IT Consulting
90513016,IT Services and IT Consulting
90406839,IT Services and IT Consulting
43470,IT Services and IT Consulting
45644,IT Services and IT Consulting
9436983,IT Services and IT Consulting
7941257,IT Services and IT Consulting
2291000,IT Services and IT Consulting
68617019,IT Services and IT Consulting
134353,IT Services and IT Consulting
36098936,IT Services and IT Consulting
22167,IT Services and IT Consulting
71451871,IT Services and IT Consulting
1556180,IT Services and IT Consulting
7584447,IT Services and IT Consulting
4972,IT Services and IT Consulting
1059029,IT Services and IT Consulting
3598972,IT Services and IT Consulting
3479953,IT Services and IT Consulting
7940386,IT Services and IT Consulting
79629,IT Services and IT Consulting
219642,IT Services and IT Consulting
343135,IT Services and IT Consulting
11694859,IT Services and IT Consulting
28130841,IT Services and IT Consulting
10608496,IT Services and IT Consulting
90746424,IT Services and IT Consulting
101401,IT Services and IT Consulting
80792727,IT Services and IT Consulting
3595401,IT Services and IT Consulting
10530800,IT Services and IT Consulting
3231326,IT Services and IT Consulting
391020,IT Services and IT Consulting
16162363,IT Services and IT Consulting
11083884,IT Services and IT Consulting
63496570,IT Services and IT Consulting
1097607,IT Services and IT Consulting
166530,IT Services and IT Consulting
18880849,IT Services and IT Consulting
2109024,IT Services and IT Consulting
68229316,IT Services and IT Consulting
85561,IT Services and IT Consulting
1547250,IT Services and IT Consulting
90422734,IT Services and IT Consulting
67977704,IT Services and IT Consulting
73212,IT Services and IT Consulting
80157955,IT Services and IT Consulting
12577804,IT Services and IT Consulting
66674,IT Services and IT Consulting
20138539,IT Services and IT Consulting
101974235,IT Services and IT Consulting
258149,IT Services and IT Consulting
1284913,IT Services and IT Consulting
91507537,IT Services and IT Consulting
77764260,IT Services and IT Consulting
79173274,IT Services and IT Consulting
1817492,IT Services and IT Consulting
10705,IT Services and IT Consulting
37901267,IT Services and IT Consulting
13465471,IT Services and IT Consulting
46899,IT Services and IT Consulting
51592480,IT Services and IT Consulting
1381054,IT Services and IT Consulting
1810300,IT Services and IT Consulting
89818467,IT Services and IT Consulting
15826652,IT Services and IT Consulting
251539,IT Services and IT Consulting
1903990,IT Services and IT Consulting
84299748,IT Services and IT Consulting
99062951,IT Services and IT Consulting
18744547,IT Services and IT Consulting
101405337,IT Services and IT Consulting
95736607,IT Services and IT Consulting
10360760,IT Services and IT Consulting
10301627,IT Services and IT Consulting
77632334,IT Services and IT Consulting
93109954,IT Services and IT Consulting
71273585,IT Services and IT Consulting
720051,IT Services and IT Consulting
74956728,IT Services and IT Consulting
584683,IT Services and IT Consulting
102291377,IT Services and IT Consulting
42696067,IT Services and IT Consulting
9562,IT Services and IT Consulting
23557,IT Services and IT Consulting
79026605,IT Services and IT Consulting
98548642,IT Services and IT Consulting
5034,IT Services and IT Consulting
83101780,IT Services and IT Consulting
10127906,IT Services and IT Consulting
211281,IT Services and IT Consulting
75514502,IT Services and IT Consulting
18465000,IT Services and IT Consulting
72010234,IT Services and IT Consulting
2916425,IT Services and IT Consulting
3618960,IT Services and IT Consulting
13625069,IT Services and IT Consulting
10689129,IT Services and IT Consulting
519574,IT Services and IT Consulting
235327,IT Services and IT Consulting
3076,IT Services and IT Consulting
100569651,IT Services and IT Consulting
4803413,IT Services and IT Consulting
1628221,IT Services and IT Consulting
1885550,IT Services and IT Consulting
516902,IT Services and IT Consulting
14392433,IT Services and IT Consulting
48257,IT Services and IT Consulting
458327,IT Services and IT Consulting
128026,IT Services and IT Consulting
13332022,IT Services and IT Consulting
11137552,IT Services and IT Consulting
304782,IT Services and IT Consulting
147505,IT Services and IT Consulting
112249,IT Services and IT Consulting
82345415,IT Services and IT Consulting
25174692,IT Services and IT Consulting
148189,IT Services and IT Consulting
72679563,IT Services and IT Consulting
14478256,IT Services and IT Consulting
1279359,IT Services and IT Consulting
10011193,IT Services and IT Consulting
3092503,IT Services and IT Consulting
13761943,IT Services and IT Consulting
80893305,IT Services and IT Consulting
133882,IT Services and IT Consulting
2474282,IT Services and IT Consulting
30017,IT Services and IT Consulting
1940403,IT Services and IT Consulting
138828,IT Services and IT Consulting
27181930,IT Services and IT Consulting
384570,IT Services and IT Consulting
76794605,IT Services and IT Consulting
13356179,IT Services and IT Consulting
42952721,IT Services and IT Consulting
15088102,IT Services and IT Consulting
50226,IT Services and IT Consulting
1556457,IT Services and IT Consulting
2352463,IT Services and IT Consulting
100620908,IT Services and IT Consulting
151199,IT Services and IT Consulting
14489170,IT Services and IT Consulting
10834213,IT Services and IT Consulting
13185421,IT Services and IT Consulting
230641,IT Services and IT Consulting
84169674,IT Services and IT Consulting
76864267,IT Services and IT Consulting
871108,IT Services and IT Consulting
18167344,IT Services and IT Consulting
33238205,IT Services and IT Consulting
10612514,IT Services and IT Consulting
33278562,IT Services and IT Consulting
3690322,IT Services and IT Consulting
110021,IT Services and IT Consulting
24973087,IT Services and IT Consulting
2149985,IT Services and IT Consulting
3795582,IT Services and IT Consulting
1156293,IT Services and IT Consulting
3149870,IT Services and IT Consulting
78304106,IT Services and IT Consulting
6549,IT Services and IT Consulting
221162,IT Services and IT Consulting
18799378,IT Services and IT Consulting
13412,IT Services and IT Consulting
10800,IT Services and IT Consulting
102814738,IT Services and IT Consulting
5369561,IT Services and IT Consulting
104216,IT Services and IT Consulting
27683698,IT Services and IT Consulting
13185265,IT Services and IT Consulting
10419224,IT Services and IT Consulting
13202040,IT Services and IT Consulting
65636348,IT Services and IT Consulting
64672598,IT Services and IT Consulting
81289749,IT Services and IT Consulting
47915117,IT Services and IT Consulting
36992356,IT Services and IT Consulting
34694097,IT Services and IT Consulting
316247,IT Services and IT Consulting
90666319,IT Services and IT Consulting
529068,IT Services and IT Consulting
1299267,IT Services and IT Consulting
163359,IT Services and IT Consulting
88973486,IT Services and IT Consulting
45031,IT Services and IT Consulting
3615984,IT Services and IT Consulting
1059436,IT Services and IT Consulting
29147,IT Services and IT Consulting
76639430,IT Services and IT Consulting
65276596,IT Services and IT Consulting
11805546,IT Services and IT Consulting
95739137,IT Services and IT Consulting
25985,IT Services and IT Consulting
37012803,IT Services and IT Consulting
82347312,IT Services and IT Consulting
35676350,IT Services and IT Consulting
30241870,IT Services and IT Consulting
2931380,IT Services and IT Consulting
229432,IT Services and IT Consulting
103166053,IT Services and IT Consulting
1051620,IT Services and IT Consulting
18034985,IT Services and IT Consulting
17800,IT Services and IT Consulting
13214866,IT Services and IT Consulting
2698874,IT Services and IT Consulting
1612129,IT Services and IT Consulting
2500598,IT Services and IT Consulting
25042938,IT Services and IT Consulting
2189867,IT Services and IT Consulting
471475,IT Services and IT Consulting
99928047,IT Services and IT Consulting
9371883,IT Services and IT Consulting
63055868,IT Services and IT Consulting
99234508,IT Services and IT Consulting
3088100,IT Services and IT Consulting
139661,IT Services and IT Consulting
9275800,IT Services and IT Consulting
1259668,IT Services and IT Consulting
96877563,IT Services and IT Consulting
1244951,IT Services and IT Consulting
18496188,IT Services and IT Consulting
9325135,IT Services and IT Consulting
3777778,IT Services and IT Consulting
96072574,IT Services and IT Consulting
131849,IT Services and IT Consulting
2001359,IT Services and IT Consulting
12992200,IT Services and IT Consulting
95050725,IT Services and IT Consulting
809238,IT Services and IT Consulting
76727858,IT Services and IT Consulting
436163,IT Services and IT Consulting
82428921,IT Services and IT Consulting
613123,IT Services and IT Consulting
719642,IT Services and IT Consulting
13908,IT Services and IT Consulting
4777564,IT Services and IT Consulting
60337738,IT Services and IT Consulting
90518596,IT Services and IT Consulting
127010,IT Services and IT Consulting
34125670,IT Services and IT Consulting
2652511,IT Services and IT Consulting
5371342,IT Services and IT Consulting
1939771,IT Services and IT Consulting
13263380,IT Services and IT Consulting
15261118,IT Services and IT Consulting
80006625,IT Services and IT Consulting
31146407,IT Services and IT Consulting
3569223,IT Services and IT Consulting
102434994,IT Services and IT Consulting
1656268,IT Services and IT Consulting
2640665,IT Services and IT Consulting
83509537,IT Services and IT Consulting
40654578,IT Services and IT Consulting
279407,IT Services and IT Consulting
19424,IT Services and IT Consulting
35514420,IT Services and IT Consulting
2348603,IT Services and IT Consulting
70418712,IT Services and IT Consulting
141118,IT Services and IT Consulting
479833,IT Services and IT Consulting
2662740,IT Services and IT Consulting
95072982,IT Services and IT Consulting
101371136,IT Services and IT Consulting
18554518,IT Services and IT Consulting
28639873,IT Services and IT Consulting
3269550,IT Services and IT Consulting
18838319,IT Services and IT Consulting
90619723,IT Services and IT Consulting
852201,IT Services and IT Consulting
598783,IT Services and IT Consulting
11350,IT Services and IT Consulting
583166,IT Services and IT Consulting
17142,IT Services and IT Consulting
165137,IT Services and IT Consulting
45072,IT Services and IT Consulting
100746448,IT Services and IT Consulting
66693271,IT Services and IT Consulting
11212367,IT Services and IT Consulting
28156433,IT Services and IT Consulting
49452,IT Services and IT Consulting
746297,IT Services and IT Consulting
95968286,IT Services and IT Consulting
3517936,IT Services and IT Consulting
299849,IT Services and IT Consulting
10387357,IT Services and IT Consulting
202944,IT Services and IT Consulting
18481392,IT Services and IT Consulting
1369344,IT Services and IT Consulting
126230,IT Services and IT Consulting
93342,IT Services and IT Consulting
129128,IT Services and IT Consulting
3648024,IT Services and IT Consulting
1758830,IT Services and IT Consulting
246768,IT Services and IT Consulting
1693850,IT Services and IT Consulting
461466,IT Services and IT Consulting
533600,IT Services and IT Consulting
96689221,IT Services and IT Consulting
2708565,IT Services and IT Consulting
2897074,IT Services and IT Consulting
54158988,IT Services and IT Consulting
260348,IT Services and IT Consulting
125906,IT Services and IT Consulting
3509026,IT Services and IT Consulting
3672069,IT Services and IT Consulting
10279209,IT Services and IT Consulting
71211384,IT Services and IT Consulting
2831404,IT Services and IT Consulting
89990795,IT Services and IT Consulting
1022975,IT Services and IT Consulting
1008422,IT Services and IT Consulting
10331477,IT Services and IT Consulting
101751693,IT Services and IT Consulting
70487173,IT Services and IT Consulting
15225088,IT Services and IT Consulting
